{
    "blend": {
        "func": "add",
        "srcrgb": "one",
        "dstrgb": "zero"
    },
    "vertex": "sobel",
    "fragment": "tutorial_shader:geometry_fade",
    "attributes": [ "Position" ],
    "samplers": [
        { "name": "DiffuseSampler" },
        { "name": "DepthSampler" }
    ],
    "uniforms": [
        { "name": "ProjMat",     "type": "matrix4x4", "count": 16, "values": [ 1.0, 0.0, 0.0, 0.0, 0.0, 1.0, 0.0, 0.0, 0.0, 0.0, 1.0, 0.0, 0.0, 0.0, 0.0, 1.0 ] },
        { "name": "InSize",      "type": "float",     "count": 2,  "values": [ 1.0, 1.0 ] },
        { "name": "OutSize",     "type": "float",     "count": 2,  "values": [ 1.0, 1.0 ] },
        { "name": "BumpScale",   "type": "float",     "count": 3,  "values": [ 1.0, 1.0, 1.0 ]},
        { "name": "ColorSteps",  "type": "float",     "count": 1,  "values": [ 1.0 ]}
    ]
}
