{
    "targets": [
        "0"
    ],
    "passes": [
        {
            "name": "tutorial_shader:geometry_fade",
            "intarget": "minecraft:main",
            "outtarget": "0",
            "auxtargets": [
                {
                    "name": "DepthSampler",
                    "id": "minecraft:main:depth"
                }
            ],
            "uniforms": [
                {
                    "name": "BumpScale",
                    "values": [ 1.0, 1.0, 1.0 ]
                },
                {
                    "name": "ColorSteps",
                    "values": [ 15.0 ]
                }
            ]
        },
        {
            "name": "blit",
            "intarget": "0",
            "outtarget": "minecraft:main"
        }
    ]
}
