{
    "targets": [
        "0",
        "1"
    ],
    "passes": [
        {
            "name": "sobel",
            "intarget": "minecraft:main",
            "outtarget": "0"
        },
        {
            "name": "blur",
            "intarget": "0",
            "outtarget": "1",
            "uniforms": [
                {
                    "name": "BlurDir",
                    "values": [ 1.0, 0.0 ]
                },
                {
                    "name": "Radius",
                    "values": [ 3.0 ]
                }
            ]
        },
        {
            "name": "phosphor",
            "intarget": "minecraft:main",
            "outtarget": "0",
            "auxtargets": [
                {
                    "name": "PrevSampler",
                    "id": "1"
                }
            ],
            "uniforms": [
                {
                    "name": "Phosphor",
                    "values": [ 10.0, 10.0, 10.0 ]
                }
            ]
        },
        {
            "name": "blit",
            "intarget": "0",
            "outtarget": "minecraft:main"
        }
    ]
}
